ts,date,nav,cash,open_positions,realized_pnl
1785090358,2026-07-26,10013.3792,9926.0061,3,12.3171
1785091896,2026-07-26,9962.8967,9944.6687,3,-37.1033
1785092163,2026-07-26,9959.6314,9857.6494,4,-40.5916
1785092342,2026-07-26,9949.1429,9882.3155,4,-50.7815
1785092523,2026-07-26,9950.9496,9848.3380,4,-48.7560
1785092702,2026-07-26,9943.2680,9888.1627,2,-56.8373
1785092883,2026-07-26,9944.0344,9878.1310,4,-56.1010
1785093063,2026-07-26,9945.9588,9843.6791,5,-55.5679
1785093243,2026-07-26,9949.7775,9856.3854,3,-52.8616
